{"cameraMode":{"drawMode":0,"name":"Shaded","section":"Shading Mode"},"sceneLighting":false,"audioPlay":false,"sceneViewState":{"m_AlwaysRefresh":false,"showFog":true,"showSkybox":true,"showFlares":true,"showImageEffects":true,"showParticleSystems":true,"showVisualEffectGraphs":true,"m_FxEnabled":true},"in2DMode":false,"pivot":{"x":18.316015243530275,"y":-42.247825622558597,"z":-243.27870178222657},"rotation":{"x":0.7363322377204895,"y":-0.0017391176661476493,"z":0.0021037214901298286,"w":0.6765027642250061},"size":135.87472534179688,"orthographic":true}